{
    "robtop.geometry-dash/build-mode": {
        "binds": [{
            "key": 49,
            "modifiers": 0,
            "device": "geode.custom-keybinds/keyboard"
        }]
    },
    "robtop.geometry-dash/edit-mode": {
        "binds": [{
            "key": 50,
            "modifiers": 0,
            "device": "geode.custom-keybinds/keyboard"
        }]
    },
    "robtop.geometry-dash/delete-mode": {
        "binds": [{
            "key": 51,
            "modifiers": 0,
            "device": "geode.custom-keybinds/keyboard"
        }]
    },
    "robtop.geometry-dash/rotate-ccw": {
        "binds": [{
            "key": 81,
            "modifiers": 0,
            "device": "geode.custom-keybinds/keyboard"
        }],
        "repeat": {
            "enabled": true,
            "rate": 50,
            "delay": 500
        }
    },
    "robtop.geometry-dash/rotate-cw": {
        "binds": [{
            "key": 69,
            "modifiers": 0,
            "device": "geode.custom-keybinds/keyboard"
        }],
        "repeat": {
            "enabled": true,
            "rate": 50,
            "delay": 500
        }
    },
    "robtop.geometry-dash/flip-x": {
        "binds": [{
            "key": 81,
            "modifiers": 4,
            "device": "geode.custom-keybinds/keyboard"
        }],
        "repeat": {
            "enabled": true,
            "rate": 50,
            "delay": 500
        }
    },
    "robtop.geometry-dash/flip-y": {
        "binds": [{
            "key": 69,
            "modifiers": 4,
            "device": "geode.custom-keybinds/keyboard"
        }],
        "repeat": {
            "enabled": true,
            "rate": 50,
            "delay": 500
        }
    },
    "robtop.geometry-dash/delete": {
        "binds": [{
            "key": 46,
            "modifiers": 0,
            "device": "geode.custom-keybinds/keyboard"
        }]
    },
    "robtop.geometry-dash/undo": {
        "binds": [{
            "key": 90,
            "modifiers": 1,
            "device": "geode.custom-keybinds/keyboard"
        }],
        "repeat": {
            "enabled": true,
            "rate": 50,
            "delay": 500
        }
    },
    "robtop.geometry-dash/redo": {
        "binds": [{
            "key": 90,
            "modifiers": 3,
            "device": "geode.custom-keybinds/keyboard"
        }],
        "repeat": {
            "enabled": true,
            "rate": 50,
            "delay": 500
        }
    },
    "robtop.geometry-dash/deselect-all": {
        "binds": [{
            "key": 68,
            "modifiers": 4,
            "device": "geode.custom-keybinds/keyboard"
        }]
    },
    "robtop.geometry-dash/copy": {
        "binds": [{
            "key": 67,
            "modifiers": 1,
            "device": "geode.custom-keybinds/keyboard"
        }]
    },
    "robtop.geometry-dash/paste": {
        "binds": [{
            "key": 86,
            "modifiers": 1,
            "device": "geode.custom-keybinds/keyboard"
        }],
        "repeat": {
            "enabled": true,
            "rate": 50,
            "delay": 500
        }
    },
    "robtop.geometry-dash/copy-paste": {
        "binds": [{
            "key": 68,
            "modifiers": 1,
            "device": "geode.custom-keybinds/keyboard"
        }],
        "repeat": {
            "enabled": true,
            "rate": 50,
            "delay": 500
        }
    },
    "robtop.geometry-dash/toggle-rotate": {
        "binds": [{
            "key": 82,
            "modifiers": 0,
            "device": "geode.custom-keybinds/keyboard"
        }]
    },
    "robtop.geometry-dash/toggle-transform": {
        "binds": [{
            "key": 84,
            "modifiers": 1,
            "device": "geode.custom-keybinds/keyboard"
        }]
    },
    "robtop.geometry-dash/toggle-free-move": {
        "binds": [{
            "key": 70,
            "modifiers": 0,
            "device": "geode.custom-keybinds/keyboard"
        }]
    },
    "robtop.geometry-dash/toggle-swipe": {
        "binds": [{
            "key": 84,
            "modifiers": 0,
            "device": "geode.custom-keybinds/keyboard"
        }]
    },
    "robtop.geometry-dash/toggle-snap": {
        "binds": [{
            "key": 71,
            "modifiers": 0,
            "device": "geode.custom-keybinds/keyboard"
        }]
    },
    "robtop.geometry-dash/playtest": {
        "binds": [{
            "key": 13,
            "modifiers": 0,
            "device": "geode.custom-keybinds/keyboard"
        }, {
            "button": 1009,
            "device": "geode.custom-keybinds/controller"
        }]
    },
    "robtop.geometry-dash/playback-music": {
        "binds": [{
            "key": 13,
            "modifiers": 1,
            "device": "geode.custom-keybinds/keyboard"
        }]
    },
    "robtop.geometry-dash/prev-build-tab": {
        "binds": [],
        "repeat": {
            "enabled": true,
            "rate": 50,
            "delay": 500
        }
    },
    "robtop.geometry-dash/next-build-tab": {
        "binds": [],
        "repeat": {
            "enabled": true,
            "rate": 50,
            "delay": 500
        }
    },
    "robtop.geometry-dash/next-layer": {
        "binds": [{
            "key": 39,
            "modifiers": 0,
            "device": "geode.custom-keybinds/keyboard"
        }],
        "repeat": {
            "enabled": true,
            "rate": 50,
            "delay": 500
        }
    },
    "robtop.geometry-dash/prev-layer": {
        "binds": [{
            "key": 37,
            "modifiers": 0,
            "device": "geode.custom-keybinds/keyboard"
        }],
        "repeat": {
            "enabled": true,
            "rate": 50,
            "delay": 500
        }
    },
    "robtop.geometry-dash/scroll-up": {
        "binds": [{
            "key": 184,
            "modifiers": 0,
            "device": "geode.custom-keybinds/keyboard"
        }],
        "repeat": {
            "enabled": true,
            "rate": 50,
            "delay": 500
        }
    },
    "robtop.geometry-dash/scroll-down": {
        "binds": [{
            "key": 189,
            "modifiers": 0,
            "device": "geode.custom-keybinds/keyboard"
        }],
        "repeat": {
            "enabled": true,
            "rate": 50,
            "delay": 500
        }
    },
    "robtop.geometry-dash/zoom-in": {
        "binds": [{
            "key": 184,
            "modifiers": 2,
            "device": "geode.custom-keybinds/keyboard"
        }],
        "repeat": {
            "enabled": true,
            "rate": 50,
            "delay": 500
        }
    },
    "robtop.geometry-dash/zoom-out": {
        "binds": [{
            "key": 189,
            "modifiers": 2,
            "device": "geode.custom-keybinds/keyboard"
        }],
        "repeat": {
            "enabled": true,
            "rate": 50,
            "delay": 500
        }
    },
    "robtop.geometry-dash/lock-preview": {
        "binds": [{
            "key": 112,
            "modifiers": 0,
            "device": "geode.custom-keybinds/keyboard"
        }]
    },
    "robtop.geometry-dash/unlock-preview": {
        "binds": [{
            "key": 113,
            "modifiers": 0,
            "device": "geode.custom-keybinds/keyboard"
        }]
    },
    "robtop.geometry-dash/toggle-preview-mode": {
        "binds": [{
            "key": 114,
            "modifiers": 0,
            "device": "geode.custom-keybinds/keyboard"
        }]
    },
    "robtop.geometry-dash/toggle-particle-icons": {
        "binds": [{
            "key": 115,
            "modifiers": 0,
            "device": "geode.custom-keybinds/keyboard"
        }]
    },
    "robtop.geometry-dash/toggle-editor-hitboxes": {
        "binds": [{
            "key": 116,
            "modifiers": 0,
            "device": "geode.custom-keybinds/keyboard"
        }]
    },
    "robtop.geometry-dash/toggle-hide-invisible": {
        "binds": [{
            "key": 117,
            "modifiers": 0,
            "device": "geode.custom-keybinds/keyboard"
        }]
    },
    "robtop.geometry-dash/move-obj-left": {
        "binds": [{
            "key": 65,
            "modifiers": 0,
            "device": "geode.custom-keybinds/keyboard"
        }],
        "repeat": {
            "enabled": true,
            "rate": 50,
            "delay": 500
        }
    },
    "robtop.geometry-dash/move-obj-right": {
        "binds": [{
            "key": 68,
            "modifiers": 0,
            "device": "geode.custom-keybinds/keyboard"
        }],
        "repeat": {
            "enabled": true,
            "rate": 50,
            "delay": 500
        }
    },
    "robtop.geometry-dash/move-obj-up": {
        "binds": [{
            "key": 87,
            "modifiers": 0,
            "device": "geode.custom-keybinds/keyboard"
        }],
        "repeat": {
            "enabled": true,
            "rate": 50,
            "delay": 500
        }
    },
    "robtop.geometry-dash/move-obj-down": {
        "binds": [{
            "key": 83,
            "modifiers": 0,
            "device": "geode.custom-keybinds/keyboard"
        }],
        "repeat": {
            "enabled": true,
            "rate": 50,
            "delay": 500
        }
    },
    "robtop.geometry-dash/move-obj-left-small": {
        "binds": [{
            "key": 65,
            "modifiers": 2,
            "device": "geode.custom-keybinds/keyboard"
        }],
        "repeat": {
            "enabled": true,
            "rate": 50,
            "delay": 500
        }
    },
    "robtop.geometry-dash/move-obj-right-small": {
        "binds": [{
            "key": 68,
            "modifiers": 2,
            "device": "geode.custom-keybinds/keyboard"
        }],
        "repeat": {
            "enabled": true,
            "rate": 50,
            "delay": 500
        }
    },
    "robtop.geometry-dash/move-obj-up-small": {
        "binds": [{
            "key": 87,
            "modifiers": 2,
            "device": "geode.custom-keybinds/keyboard"
        }],
        "repeat": {
            "enabled": true,
            "rate": 50,
            "delay": 500
        }
    },
    "robtop.geometry-dash/move-obj-down-small": {
        "binds": [{
            "key": 83,
            "modifiers": 2,
            "device": "geode.custom-keybinds/keyboard"
        }],
        "repeat": {
            "enabled": true,
            "rate": 50,
            "delay": 500
        }
    },
    "robtop.geometry-dash/save-editor-position-0": {
        "binds": [{
            "key": 48,
            "modifiers": 1,
            "device": "geode.custom-keybinds/keyboard"
        }]
    },
    "robtop.geometry-dash/load-editor-position-0": {
        "binds": [{
            "key": 48,
            "modifiers": 4,
            "device": "geode.custom-keybinds/keyboard"
        }]
    },
    "robtop.geometry-dash/save-editor-position-1": {
        "binds": [{
            "key": 49,
            "modifiers": 1,
            "device": "geode.custom-keybinds/keyboard"
        }]
    },
    "robtop.geometry-dash/load-editor-position-1": {
        "binds": [{
            "key": 49,
            "modifiers": 4,
            "device": "geode.custom-keybinds/keyboard"
        }]
    },
    "robtop.geometry-dash/save-editor-position-2": {
        "binds": [{
            "key": 50,
            "modifiers": 1,
            "device": "geode.custom-keybinds/keyboard"
        }]
    },
    "robtop.geometry-dash/load-editor-position-2": {
        "binds": [{
            "key": 50,
            "modifiers": 4,
            "device": "geode.custom-keybinds/keyboard"
        }]
    },
    "robtop.geometry-dash/save-editor-position-3": {
        "binds": [{
            "key": 51,
            "modifiers": 1,
            "device": "geode.custom-keybinds/keyboard"
        }]
    },
    "robtop.geometry-dash/load-editor-position-3": {
        "binds": [{
            "key": 51,
            "modifiers": 4,
            "device": "geode.custom-keybinds/keyboard"
        }]
    },
    "robtop.geometry-dash/save-editor-position-4": {
        "binds": [{
            "key": 52,
            "modifiers": 1,
            "device": "geode.custom-keybinds/keyboard"
        }]
    },
    "robtop.geometry-dash/load-editor-position-4": {
        "binds": [{
            "key": 52,
            "modifiers": 4,
            "device": "geode.custom-keybinds/keyboard"
        }]
    },
    "robtop.geometry-dash/save-editor-position-5": {
        "binds": [{
            "key": 53,
            "modifiers": 1,
            "device": "geode.custom-keybinds/keyboard"
        }]
    },
    "robtop.geometry-dash/load-editor-position-5": {
        "binds": [{
            "key": 53,
            "modifiers": 4,
            "device": "geode.custom-keybinds/keyboard"
        }]
    },
    "robtop.geometry-dash/save-editor-position-6": {
        "binds": [{
            "key": 54,
            "modifiers": 1,
            "device": "geode.custom-keybinds/keyboard"
        }]
    },
    "robtop.geometry-dash/load-editor-position-6": {
        "binds": [{
            "key": 54,
            "modifiers": 4,
            "device": "geode.custom-keybinds/keyboard"
        }]
    },
    "robtop.geometry-dash/save-editor-position-7": {
        "binds": [{
            "key": 55,
            "modifiers": 1,
            "device": "geode.custom-keybinds/keyboard"
        }]
    },
    "robtop.geometry-dash/load-editor-position-7": {
        "binds": [{
            "key": 55,
            "modifiers": 4,
            "device": "geode.custom-keybinds/keyboard"
        }]
    },
    "robtop.geometry-dash/save-editor-position-8": {
        "binds": [{
            "key": 56,
            "modifiers": 1,
            "device": "geode.custom-keybinds/keyboard"
        }]
    },
    "robtop.geometry-dash/load-editor-position-8": {
        "binds": [{
            "key": 56,
            "modifiers": 4,
            "device": "geode.custom-keybinds/keyboard"
        }]
    },
    "robtop.geometry-dash/save-editor-position-9": {
        "binds": [{
            "key": 57,
            "modifiers": 1,
            "device": "geode.custom-keybinds/keyboard"
        }]
    },
    "robtop.geometry-dash/load-editor-position-9": {
        "binds": [{
            "key": 57,
            "modifiers": 4,
            "device": "geode.custom-keybinds/keyboard"
        }]
    },
    "robtop.geometry-dash/pan-editor": {
        "binds": [{
            "key": 32,
            "modifiers": 0,
            "device": "geode.custom-keybinds/keyboard"
        }]
    },
    "robtop.geometry-dash/jump-p1": {
        "binds": [{
            "key": 32,
            "modifiers": 0,
            "device": "geode.custom-keybinds/keyboard"
        }, {
            "key": 87,
            "modifiers": 0,
            "device": "geode.custom-keybinds/keyboard"
        }, {
            "button": 1001,
            "device": "geode.custom-keybinds/controller"
        }, {
            "button": 1013,
            "device": "geode.custom-keybinds/controller"
        }, {
            "button": 1021,
            "device": "geode.custom-keybinds/controller"
        }]
    },
    "robtop.geometry-dash/jump-p2": {
        "binds": [{
            "key": 38,
            "modifiers": 0,
            "device": "geode.custom-keybinds/keyboard"
        }, {
            "button": 1015,
            "device": "geode.custom-keybinds/controller"
        }]
    },
    "robtop.geometry-dash/move-left-p1": {
        "binds": [{
            "key": 65,
            "modifiers": 0,
            "device": "geode.custom-keybinds/keyboard"
        }, {
            "button": 1025,
            "device": "geode.custom-keybinds/controller"
        }, {
            "button": 1033,
            "device": "geode.custom-keybinds/controller"
        }]
    },
    "robtop.geometry-dash/move-right-p1": {
        "binds": [{
            "key": 68,
            "modifiers": 0,
            "device": "geode.custom-keybinds/keyboard"
        }, {
            "button": 1027,
            "device": "geode.custom-keybinds/controller"
        }, {
            "button": 1035,
            "device": "geode.custom-keybinds/controller"
        }]
    },
    "robtop.geometry-dash/move-left-p2": {
        "binds": [{
            "key": 37,
            "modifiers": 0,
            "device": "geode.custom-keybinds/keyboard"
        }, {
            "button": 1041,
            "device": "geode.custom-keybinds/controller"
        }]
    },
    "robtop.geometry-dash/move-right-p2": {
        "binds": [{
            "key": 39,
            "modifiers": 0,
            "device": "geode.custom-keybinds/keyboard"
        }, {
            "button": 1043,
            "device": "geode.custom-keybinds/controller"
        }]
    },
    "robtop.geometry-dash/place-checkpoint": {
        "binds": [{
            "key": 90,
            "modifiers": 0,
            "device": "geode.custom-keybinds/keyboard"
        }, {
            "button": 1007,
            "device": "geode.custom-keybinds/controller"
        }]
    },
    "robtop.geometry-dash/delete-checkpoint": {
        "binds": [{
            "key": 88,
            "modifiers": 0,
            "device": "geode.custom-keybinds/keyboard"
        }, {
            "button": 1003,
            "device": "geode.custom-keybinds/controller"
        }]
    },
    "robtop.geometry-dash/pause-level": {
        "binds": [{
            "button": 1009,
            "device": "geode.custom-keybinds/controller"
        }]
    },
    "robtop.geometry-dash/toggle-hitboxes": {
        "binds": [{
            "key": 80,
            "modifiers": 0,
            "device": "geode.custom-keybinds/keyboard"
        }]
    },
    "robtop.geometry-dash/restart-level": {
        "binds": [{
            "key": 82,
            "modifiers": 0,
            "device": "geode.custom-keybinds/keyboard"
        }]
    },
    "robtop.geometry-dash/full-restart-level": {
        "binds": [{
            "key": 82,
            "modifiers": 1,
            "device": "geode.custom-keybinds/keyboard"
        }]
    },
    "robtop.geometry-dash/practice-level": {
        "binds": [{
            "button": 1007,
            "device": "geode.custom-keybinds/controller"
        }]
    },
    "robtop.geometry-dash/unpause-level": {
        "binds": [{
            "key": 32,
            "modifiers": 0,
            "device": "geode.custom-keybinds/keyboard"
        }, {
            "button": 1009,
            "device": "geode.custom-keybinds/controller"
        }]
    },
    "robtop.geometry-dash/exit-level": {
        "binds": [{
            "button": 1003,
            "device": "geode.custom-keybinds/controller"
        }]
    }
}