{
    "settingsv2-save-slot": 0,
    "_gflag-seenSignupNotice": false,
    "_gflag-seenSignupNoticev2": false,
    "_gflag-seenSignupNoticev3": true,
    "_gflag-seenVoiceChatPTTNotice": false,
    "_gflag-seenTeleportNotice": false,
    "_gflag-seenAprilFoolsNotice": false,
    "_gflag-seenStatusNotice": false,
    "_gflag-seenGlobalTriggerGuide": false,
    "_gflag-seenRoomOptionsSafeModeNotice": false,
    "_gflag-seenSwagConnectionPopup": false,
    "_gflag-seenRelayNotice": false,
    "_server-cache-0f1e167548077c67": "{\"servers\":[{\"id\":\"primary-server-eu\",\"name\":\"Server 1 (EU)\",\"address\":\"ds1.mathieuar.fr:4202\",\"region\":\"Europe\"},{\"id\":\"server-us1\",\"name\":\"Server 2 (NA)\",\"address\":\"vps1.mathieuar.fr:4202\",\"region\":\"US East\"},{\"id\":\"server-singapore\",\"name\":\"Server 3 (Asia)\",\"address\":\"vps2.mathieuar.fr:4202\",\"region\":\"Southeast Asia\"}],\"supported\":true,\"auth\":true,\"argon\":\"https://argon.globed.dev\",\"gdmin\":\"2.2074\",\"globedmin\":\"v1.7.0\",\"relays\":[{\"id\":\"ru-relay\",\"name\":\"Russia Relay\",\"address\":\"globed-proxy.cgyt.ru:4201\"}]}",
    "active-server-relay": ""
}