{
    "alternate-geode-style": false,
    "should-load-prevter.imageplus": true,
    "should-load-thesillydoggo.qolmod": true,
    "should-load-syzzi.click_between_frames": true,
    "latest-version-auto-update-check": "v4.10.2",
    "should-load-geode.node-ids": true,
    "should-load-geode.loader": true,
    "should-load-cdc.level_thumbnails": true,
    "should-load-dankmeme.globed2": true,
    "should-load-geode.custom-keybinds": true,
    "last-modified-auto-update-check": "",
    "has-used-geode-before": true,
    "last-modified-tag-exists-check": "",
    "should-load-cattodev.gambling": true
}