{
    "internal/open-menu_keycode": 9,
    "safe-mode_enabled": false,
    "safe-mode_favourited": false,
    "safe-mode_keyconfig": {
        "modifiers": [],
        "code": -1
    },
    "safe-mode/text_value": "Safe Mode :3",
    "safe-mode/change-text_enabled": true,
    "safe-mode/change-text_favourited": false,
    "safe-mode/change-text_keyconfig": {
        "modifiers": [],
        "code": -1
    },
    "auto-safe-mode_enabled": true,
    "auto-safe-mode_favourited": false,
    "auto-safe-mode_keyconfig": {
        "modifiers": [],
        "code": -1
    },
    "noclip_enabled": false,
    "noclip_favourited": true,
    "noclip_keyconfig": {
        "modifiers": [],
        "code": 67
    },
    "noclip/tint-colour_colour": {
        "r": 255,
        "g": 0,
        "b": 0
    },
    "noclip/tint-colour_opacity": 1,
    "noclip/tint-colour_chromaspeed": 1,
    "noclip/tint-colour_type": 0,
    "noclip/tint-opacity_value": 0.25,
    "noclip/tint-on-death_enabled": false,
    "noclip/tint-on-death_favourited": false,
    "noclip/tint-on-death_keyconfig": {
        "modifiers": [],
        "code": -1
    },
    "accurate-percentage_enabled": false,
    "accurate-percentage_favourited": false,
    "accurate-percentage_keyconfig": {
        "modifiers": [],
        "code": -1
    },
    "accurate-percentage/places_value": "2",
    "classic-percentage_enabled": false,
    "classic-percentage_favourited": false,
    "classic-percentage_keyconfig": {
        "modifiers": [],
        "code": -1
    },
    "icon-bypass_enabled": true,
    "icon-bypass_favourited": false,
    "icon-bypass_keyconfig": {
        "modifiers": [],
        "code": -1
    },
    "trans-bg_enabled": false,
    "trans-bg_favourited": false,
    "trans-bg_keyconfig": {
        "modifiers": [],
        "code": -1
    },
    "trans-bg/only-blue_enabled": true,
    "trans-bg/only-blue_favourited": false,
    "trans-bg/only-blue_keyconfig": {
        "modifiers": [],
        "code": -1
    },
    "trans-bg/colour_colour": {
        "r": 255,
        "g": 255,
        "b": 255
    },
    "trans-bg/colour_opacity": 1,
    "trans-bg/colour_chromaspeed": 1,
    "trans-bg/colour_type": 0,
    "char-limit_enabled": false,
    "char-limit_favourited": false,
    "char-limit_keyconfig": {
        "modifiers": [],
        "code": -1
    },
    "char-filter_enabled": false,
    "char-filter_favourited": false,
    "char-filter_keyconfig": {
        "modifiers": [],
        "code": -1
    },
    "slider-limit_enabled": false,
    "slider-limit_favourited": false,
    "slider-limit_keyconfig": {
        "modifiers": [],
        "code": -1
    },
    "slider-limit/reset-audio-variables_enabled": false,
    "slider-limit/reset-audio-variables_favourited": false,
    "slider-limit/reset-audio-variables_keyconfig": {
        "modifiers": [],
        "code": -1
    },
    "show-touches_enabled": false,
    "show-touches_favourited": false,
    "show-touches_keyconfig": {
        "modifiers": [],
        "code": -1
    },
    "show-touches/trail-colour_colour": {
        "r": 255,
        "g": 255,
        "b": 255
    },
    "show-touches/trail-colour_opacity": 1,
    "show-touches/trail-colour_chromaspeed": 1,
    "show-touches/trail-colour_type": 0,
    "show-touches/circle-colour_colour": {
        "r": 255,
        "g": 255,
        "b": 255
    },
    "show-touches/circle-colour_opacity": 1,
    "show-touches/circle-colour_chromaspeed": 1,
    "show-touches/circle-colour_type": 0,
    "practice-bypass_enabled": true,
    "practice-bypass_favourited": false,
    "practice-bypass_keyconfig": {
        "modifiers": [],
        "code": -1
    },
    "pitch-shifter_enabled": false,
    "pitch-shifter_favourited": false,
    "pitch-shifter_keyconfig": {
        "modifiers": [],
        "code": -1
    },
    "pitch-shifter/octaves_value": "12",
    "speedhack-gameplay_enabled": false,
    "speedhack/gameplay_enabled": false,
    "speedhack/gameplay_favourited": false,
    "speedhack/gameplay_keyconfig": {
        "modifiers": [],
        "code": -1
    },
    "speedhack-top_value": "0.60",
    "speedhack/enabled_enabled": false,
    "speedhack/enabled_favourited": true,
    "speedhack/enabled_keyconfig": {
        "modifiers": [],
        "code": 90
    },
    "speedhack-presets": [0.10000000149011612, 0.25, 0.30000001192092896, 0.5, 0.75, 1, 1.5, 2],
    "no-trans_enabled": false,
    "no-trans_favourited": false,
    "no-trans_keyconfig": {
        "modifiers": [],
        "code": -1
    },
    "music-bypass_enabled": false,
    "music-bypass_favourited": false,
    "music-bypass_keyconfig": {
        "modifiers": [],
        "code": -1
    },
    "hide-pause-menu_enabled": false,
    "hide-pause-menu_favourited": false,
    "hide-pause-menu_keyconfig": {
        "modifiers": [],
        "code": -1
    },
    "hide-pause-button_enabled": true,
    "hide-pause-button_favourited": false,
    "hide-pause-button_keyconfig": {
        "modifiers": [],
        "code": -1
    },
    "full-options_enabled": true,
    "full-options_favourited": false,
    "full-options_keyconfig": {
        "modifiers": [],
        "code": -1
    },
    "frame-extrapolation_enabled": true,
    "frame-extrapolation_favourited": false,
    "frame-extrapolation_keyconfig": {
        "modifiers": [],
        "code": -1
    },
    "december-snow_enabled": true,
    "december-snow_favourited": false,
    "december-snow_keyconfig": {
        "modifiers": [],
        "code": -1
    },
    "chest-unlock-bypass_enabled": false,
    "chest-unlock-bypass_favourited": false,
    "chest-unlock-bypass_keyconfig": {
        "modifiers": [],
        "code": -1
    },
    "suicide_enabled": false,
    "suicide_favourited": false,
    "suicide_keyconfig": {
        "modifiers": [],
        "code": -1
    },
    "stop-triggers-on-death_enabled": false,
    "stop-triggers-on-death_favourited": false,
    "stop-triggers-on-death_keyconfig": {
        "modifiers": [],
        "code": -1
    },
    "startpos-switcher_enabled": true,
    "startpos-switcher_favourited": true,
    "startpos-switcher_keyconfig": {
        "modifiers": [],
        "code": 86
    },
    "startpos-switcher/use-percentage_enabled": false,
    "startpos-switcher/use-percentage_favourited": false,
    "startpos-switcher/use-percentage_keyconfig": {
        "modifiers": [],
        "code": -1
    },
    "startpos-switcher/hide-ui_enabled": false,
    "startpos-switcher/hide-ui_favourited": false,
    "startpos-switcher/hide-ui_keyconfig": {
        "modifiers": [],
        "code": -1
    },
    "startpos-switcher/next-bind_keycode": 68,
    "startpos-switcher/prev-bind_keycode": 65,
    "smart-startpos_enabled": true,
    "smart-startpos_favourited": false,
    "smart-startpos_keyconfig": {
        "modifiers": [],
        "code": -1
    },
    "custom-respawn-time_enabled": false,
    "custom-respawn-time_favourited": false,
    "custom-respawn-time_keyconfig": {
        "modifiers": [],
        "code": -1
    },
    "instant-restart/practice_value": "0.5",
    "instant-restart/normal_value": "1",
    "instant-restart_enabled": false,
    "instant-restart_favourited": false,
    "instant-restart_keyconfig": {
        "modifiers": [],
        "code": -1
    },
    "pause-quests_enabled": true,
    "pause-quests_favourited": false,
    "pause-quests_keyconfig": {
        "modifiers": [],
        "code": -1
    },
    "practice-complete_enabled": true,
    "practice-complete_favourited": false,
    "practice-complete_keyconfig": {
        "modifiers": [],
        "code": -1
    },
    "best-in-percentage_enabled": true,
    "best-in-percentage_favourited": false,
    "best-in-percentage_keyconfig": {
        "modifiers": [],
        "code": -1
    },
    "no-reverse_enabled": false,
    "no-reverse_favourited": false,
    "no-reverse_keyconfig": {
        "modifiers": [],
        "code": -1
    },
    "jump-hack_enabled": false,
    "jump-hack_favourited": false,
    "jump-hack_keyconfig": {
        "modifiers": [],
        "code": -1
    },
    "instant-reverse_enabled": false,
    "instant-reverse_favourited": false,
    "instant-reverse_keyconfig": {
        "modifiers": [],
        "code": -1
    },
    "instant_enabled": false,
    "instant_favourited": false,
    "instant_keyconfig": {
        "modifiers": [],
        "code": -1
    },
    "pause-icon-kit_enabled": true,
    "pause-icon-kit_favourited": false,
    "pause-icon-kit_keyconfig": {
        "modifiers": [],
        "code": -1
    },
    "hitbox-trail_enabled": false,
    "hitbox-trail_favourited": false,
    "hitbox-trail_keyconfig": {
        "modifiers": [],
        "code": -1
    },
    "hitbox-trail/reset-positions-on-death_enabled": true,
    "hitbox-trail/reset-positions-on-death_favourited": false,
    "hitbox-trail/reset-positions-on-death_keyconfig": {
        "modifiers": [],
        "code": -1
    },
    "hitbox-trail/stored-positions_value": "480",
    "show-hitboxes_enabled": false,
    "show-hitboxes_favourited": true,
    "show-hitboxes_keyconfig": {
        "modifiers": [],
        "code": -1
    },
    "show-hitboxes/fill-opacity_value": 1,
    "show-hitboxes/fill-hitboxes_enabled": false,
    "show-hitboxes/fill-hitboxes_favourited": false,
    "show-hitboxes/fill-hitboxes_keyconfig": {
        "modifiers": [],
        "code": -1
    },
    "show-hitboxes/thick-hitboxes_enabled": false,
    "show-hitboxes/thick-hitboxes_favourited": false,
    "show-hitboxes/thick-hitboxes_keyconfig": {
        "modifiers": [],
        "code": -1
    },
    "show-hitboxes/player-rotated-colour_colour": {
        "r": 170,
        "g": 0,
        "b": 0
    },
    "show-hitboxes/player-rotated-colour_opacity": 1,
    "show-hitboxes/player-rotated-colour_chromaspeed": 1,
    "show-hitboxes/player-rotated-colour_type": 0,
    "show-hitboxes/player-colour_colour": {
        "r": 255,
        "g": 0,
        "b": 0
    },
    "show-hitboxes/player-colour_opacity": 1,
    "show-hitboxes/player-colour_chromaspeed": 1,
    "show-hitboxes/player-colour_type": 0,
    "show-hitboxes/interactable-colour_colour": {
        "r": 0,
        "g": 255,
        "b": 0
    },
    "show-hitboxes/interactable-colour_opacity": 1,
    "show-hitboxes/interactable-colour_chromaspeed": 1,
    "show-hitboxes/interactable-colour_type": 0,
    "show-hitboxes/passable-colour_colour": {
        "r": 0,
        "g": 255,
        "b": 255
    },
    "show-hitboxes/passable-colour_opacity": 1,
    "show-hitboxes/passable-colour_chromaspeed": 1,
    "show-hitboxes/passable-colour_type": 0,
    "show-hitboxes/hazard-colour_colour": {
        "r": 255,
        "g": 0,
        "b": 0
    },
    "show-hitboxes/hazard-colour_opacity": 1,
    "show-hitboxes/hazard-colour_chromaspeed": 1,
    "show-hitboxes/hazard-colour_type": 0,
    "show-hitboxes/solid-colour_colour": {
        "r": 0,
        "g": 0,
        "b": 255
    },
    "show-hitboxes/solid-colour_opacity": 1,
    "show-hitboxes/solid-colour_chromaspeed": 1,
    "show-hitboxes/solid-colour_type": 0,
    "show-hitboxes-on-death_enabled": true,
    "show-hitboxes-on-death_favourited": false,
    "show-hitboxes-on-death_keyconfig": {
        "modifiers": [],
        "code": -1
    },
    "hitbox-multiplier_enabled": false,
    "hitbox-multiplier_favourited": false,
    "hitbox-multiplier_keyconfig": {
        "modifiers": [],
        "code": -1
    },
    "hitbox-multiplier/hazard_value": "1",
    "hitbox-multiplier/solid_value": "1",
    "hitbox-multiplier/player_value": "1",
    "freeze-attempts_enabled": false,
    "freeze-attempts_favourited": false,
    "freeze-attempts_keyconfig": {
        "modifiers": [],
        "code": -1
    },
    "hide-player_enabled": false,
    "hide-player_favourited": false,
    "hide-player_keyconfig": {
        "modifiers": [],
        "code": -1
    },
    "show-player_enabled": false,
    "show-player_favourited": false,
    "show-player_keyconfig": {
        "modifiers": [],
        "code": -1
    },
    "force-plat_enabled": false,
    "force-plat_favourited": false,
    "force-plat_keyconfig": {
        "modifiers": [],
        "code": -1
    },
    "conf-res_enabled": false,
    "conf-res_favourited": false,
    "conf-res_keyconfig": {
        "modifiers": [],
        "code": -1
    },
    "conf-prac_enabled": false,
    "conf-prac_favourited": false,
    "conf-prac_keyconfig": {
        "modifiers": [],
        "code": -1
    },
    "coin-tracers_enabled": false,
    "coin-tracers_favourited": false,
    "coin-tracers_keyconfig": {
        "modifiers": [],
        "code": -1
    },
    "coin-tracers/colour_colour": {
        "r": 255,
        "g": 0,
        "b": 0
    },
    "coin-tracers/colour_opacity": 1,
    "coin-tracers/colour_chromaspeed": 1,
    "coin-tracers/colour_type": 0,
    "auto-practice_enabled": false,
    "auto-practice_favourited": false,
    "auto-practice_keyconfig": {
        "modifiers": [],
        "code": -1
    },
    "auto-practice/demons-only_enabled": false,
    "auto-practice/demons-only_favourited": false,
    "auto-practice/demons-only_keyconfig": {
        "modifiers": [],
        "code": -1
    },
    "auto-coins_enabled": false,
    "auto-coins_favourited": false,
    "auto-coins_keyconfig": {
        "modifiers": [],
        "code": -1
    },
    "verify-hack_enabled": false,
    "verify-hack_favourited": false,
    "verify-hack_keyconfig": {
        "modifiers": [],
        "code": -1
    },
    "toolbox-buttons_enabled": false,
    "toolbox-buttons_favourited": false,
    "toolbox-buttons_keyconfig": {
        "modifiers": [],
        "code": -1
    },
    "smooth-editor-trail_enabled": false,
    "smooth-editor-trail_favourited": false,
    "smooth-editor-trail_keyconfig": {
        "modifiers": [],
        "code": -1
    },
    "level-edit_enabled": true,
    "level-edit_favourited": false,
    "level-edit_keyconfig": {
        "modifiers": [],
        "code": -1
    },
    "custom-star-rating_enabled": false,
    "custom-star-rating_favourited": false,
    "custom-star-rating_keyconfig": {
        "modifiers": [],
        "code": -1
    },
    "copy-hack_enabled": true,
    "copy-hack_favourited": false,
    "copy-hack_keyconfig": {
        "modifiers": [],
        "code": -1
    },
    "wave-trail-size_enabled": true,
    "wave-trail-size_favourited": false,
    "wave-trail-size_keyconfig": {
        "modifiers": [],
        "code": -1
    },
    "wave-trail-size/thickness_value": "1.0",
    "unlock-buttons_enabled": false,
    "unlock-buttons_favourited": false,
    "unlock-buttons_keyconfig": {
        "modifiers": [],
        "code": -1
    },
    "solid-wave_enabled": true,
    "solid-wave_favourited": false,
    "solid-wave_keyconfig": {
        "modifiers": [],
        "code": -1
    },
    "no-particles-adv_enabled": true,
    "no-particles-adv_favourited": false,
    "no-particles-adv_keyconfig": {
        "modifiers": [],
        "code": -1
    },
    "no-particles-adv/dash-orb-particles_enabled": true,
    "no-particles-adv/dash-orb-particles_favourited": false,
    "no-particles-adv/dash-orb-particles_keyconfig": {
        "modifiers": [],
        "code": -1
    },
    "no-particles-adv/coin-particles_enabled": true,
    "no-particles-adv/coin-particles_favourited": false,
    "no-particles-adv/coin-particles_keyconfig": {
        "modifiers": [],
        "code": -1
    },
    "no-particles-adv/swing-fire-particles_enabled": true,
    "no-particles-adv/swing-fire-particles_favourited": false,
    "no-particles-adv/swing-fire-particles_keyconfig": {
        "modifiers": [],
        "code": -1
    },
    "no-particles-adv/end-portal-particles_enabled": true,
    "no-particles-adv/end-portal-particles_favourited": false,
    "no-particles-adv/end-portal-particles_keyconfig": {
        "modifiers": [],
        "code": -1
    },
    "no-particles-adv/speed-change-particles_enabled": true,
    "no-particles-adv/speed-change-particles_favourited": false,
    "no-particles-adv/speed-change-particles_keyconfig": {
        "modifiers": [],
        "code": -1
    },
    "no-particles-adv/speed-portal-particles_enabled": true,
    "no-particles-adv/speed-portal-particles_favourited": false,
    "no-particles-adv/speed-portal-particles_keyconfig": {
        "modifiers": [],
        "code": -1
    },
    "no-particles-adv/mirror-portal-particles_enabled": true,
    "no-particles-adv/mirror-portal-particles_favourited": false,
    "no-particles-adv/mirror-portal-particles_keyconfig": {
        "modifiers": [],
        "code": -1
    },
    "no-particles-adv/size-portal-particles_enabled": true,
    "no-particles-adv/size-portal-particles_favourited": false,
    "no-particles-adv/size-portal-particles_keyconfig": {
        "modifiers": [],
        "code": -1
    },
    "no-particles-adv/dual-portal-particles_enabled": true,
    "no-particles-adv/dual-portal-particles_favourited": false,
    "no-particles-adv/dual-portal-particles_keyconfig": {
        "modifiers": [],
        "code": -1
    },
    "no-particles-adv/gamemode-portal-particles_enabled": true,
    "no-particles-adv/gamemode-portal-particles_favourited": false,
    "no-particles-adv/gamemode-portal-particles_keyconfig": {
        "modifiers": [],
        "code": -1
    },
    "no-particles-adv/gravity-portal-particles_enabled": true,
    "no-particles-adv/gravity-portal-particles_favourited": false,
    "no-particles-adv/gravity-portal-particles_keyconfig": {
        "modifiers": [],
        "code": -1
    },
    "no-particles-adv/pad-particles_enabled": true,
    "no-particles-adv/pad-particles_favourited": false,
    "no-particles-adv/pad-particles_keyconfig": {
        "modifiers": [],
        "code": -1
    },
    "no-particles-adv/ring-particles_enabled": true,
    "no-particles-adv/ring-particles_favourited": false,
    "no-particles-adv/ring-particles_keyconfig": {
        "modifiers": [],
        "code": -1
    },
    "no-particles-adv/glitter-particles_enabled": true,
    "no-particles-adv/glitter-particles_favourited": false,
    "no-particles-adv/glitter-particles_keyconfig": {
        "modifiers": [],
        "code": -1
    },
    "no-particles-adv/robot-hold-particles_enabled": true,
    "no-particles-adv/robot-hold-particles_favourited": false,
    "no-particles-adv/robot-hold-particles_keyconfig": {
        "modifiers": [],
        "code": -1
    },
    "no-particles-adv/ship-ground-particles_enabled": true,
    "no-particles-adv/ship-ground-particles_favourited": false,
    "no-particles-adv/ship-ground-particles_keyconfig": {
        "modifiers": [],
        "code": -1
    },
    "no-particles-adv/ufo-click-particles_enabled": true,
    "no-particles-adv/ufo-click-particles_favourited": false,
    "no-particles-adv/ufo-click-particles_keyconfig": {
        "modifiers": [],
        "code": -1
    },
    "no-particles-adv/player-hold-particles_enabled": true,
    "no-particles-adv/player-hold-particles_favourited": false,
    "no-particles-adv/player-hold-particles_keyconfig": {
        "modifiers": [],
        "code": -1
    },
    "no-particles-adv/player-trail-particles_enabled": true,
    "no-particles-adv/player-trail-particles_favourited": false,
    "no-particles-adv/player-trail-particles_keyconfig": {
        "modifiers": [],
        "code": -1
    },
    "no-particles-adv/player-land-particles_enabled": true,
    "no-particles-adv/player-land-particles_favourited": false,
    "no-particles-adv/player-land-particles_keyconfig": {
        "modifiers": [],
        "code": -1
    },
    "no-particles-adv/player-ground-particles_enabled": true,
    "no-particles-adv/player-ground-particles_favourited": false,
    "no-particles-adv/player-ground-particles_keyconfig": {
        "modifiers": [],
        "code": -1
    },
    "no-particles-adv/particle-objects_enabled": true,
    "no-particles-adv/particle-objects_favourited": false,
    "no-particles-adv/particle-objects_keyconfig": {
        "modifiers": [],
        "code": -1
    },
    "no-particles_enabled": false,
    "no-particles_favourited": false,
    "no-particles_keyconfig": {
        "modifiers": [],
        "code": -1
    },
    "no-particles/particles-in-editor_enabled": true,
    "no-particles/particles-in-editor_favourited": false,
    "no-particles/particles-in-editor_keyconfig": {
        "modifiers": [],
        "code": -1
    },
    "no-wave_enabled": false,
    "no-wave_favourited": false,
    "no-wave_keyconfig": {
        "modifiers": [],
        "code": -1
    },
    "no-wave-pulse_enabled": false,
    "no-wave-pulse_favourited": false,
    "no-wave-pulse_keyconfig": {
        "modifiers": [],
        "code": -1
    },
    "no-trail-blending_enabled": false,
    "no-trail-blending_favourited": false,
    "no-trail-blending_keyconfig": {
        "modifiers": [],
        "code": -1
    },
    "no-spider-dash_enabled": false,
    "no-spider-dash_favourited": false,
    "no-spider-dash_keyconfig": {
        "modifiers": [],
        "code": -1
    },
    "no-ship-fire_enabled": false,
    "no-ship-fire_favourited": false,
    "no-ship-fire_keyconfig": {
        "modifiers": [],
        "code": -1
    },
    "no-shaders_enabled": false,
    "no-shaders_favourited": false,
    "no-shaders_keyconfig": {
        "modifiers": [],
        "code": -1
    },
    "no-robot-fire_enabled": false,
    "no-robot-fire_favourited": false,
    "no-robot-fire_keyconfig": {
        "modifiers": [],
        "code": -1
    },
    "no-blink_enabled": true,
    "no-blink_favourited": false,
    "no-blink_keyconfig": {
        "modifiers": [],
        "code": -1
    },
    "no-rot_enabled": false,
    "no-rot_favourited": false,
    "no-rot_keyconfig": {
        "modifiers": [],
        "code": -1
    },
    "plat-jump-anim_enabled": false,
    "plat-jump-anim_favourited": false,
    "plat-jump-anim_keyconfig": {
        "modifiers": [],
        "code": -1
    },
    "no-orb-pulse_enabled": false,
    "no-orb-pulse_favourited": false,
    "no-orb-pulse_keyconfig": {
        "modifiers": [],
        "code": -1
    },
    "no-lightning_enabled": false,
    "no-lightning_favourited": false,
    "no-lightning_keyconfig": {
        "modifiers": [],
        "code": -1
    },
    "no-glow_enabled": false,
    "no-glow_favourited": false,
    "no-glow_keyconfig": {
        "modifiers": [],
        "code": -1
    },
    "no-death_enabled": true,
    "no-death_favourited": false,
    "no-death_keyconfig": {
        "modifiers": [],
        "code": -1
    },
    "no-dash-fire_enabled": false,
    "no-dash-fire_favourited": false,
    "no-dash-fire_keyconfig": {
        "modifiers": [],
        "code": -1
    },
    "no-circles_enabled": false,
    "no-circles_favourited": false,
    "no-circles_keyconfig": {
        "modifiers": [],
        "code": -1
    },
    "no-shake_enabled": false,
    "no-shake_favourited": false,
    "no-shake_keyconfig": {
        "modifiers": [],
        "code": -1
    },
    "longer-trail_enabled": false,
    "longer-trail_favourited": false,
    "longer-trail_keyconfig": {
        "modifiers": [],
        "code": -1
    },
    "longer-trail/player-only_enabled": true,
    "longer-trail/player-only_favourited": false,
    "longer-trail/player-only_keyconfig": {
        "modifiers": [],
        "code": -1
    },
    "hide-percent-after-complete_enabled": false,
    "hide-percent-after-complete_favourited": false,
    "hide-percent-after-complete_keyconfig": {
        "modifiers": [],
        "code": -1
    },
    "trail-off_enabled": false,
    "trail-off_favourited": true,
    "trail-off_keyconfig": {
        "modifiers": [],
        "code": 88
    },
    "trail-off/wave-only_enabled": false,
    "trail-off/wave-only_favourited": false,
    "trail-off/wave-only_keyconfig": {
        "modifiers": [],
        "code": 88
    },
    "trail-on_enabled": false,
    "trail-on_favourited": false,
    "trail-on_keyconfig": {
        "modifiers": [],
        "code": -1
    },
    "ghost-off_enabled": false,
    "ghost-off_favourited": false,
    "ghost-off_keyconfig": {
        "modifiers": [],
        "code": -1
    },
    "ghost-on_enabled": false,
    "ghost-on_favourited": false,
    "ghost-on_keyconfig": {
        "modifiers": [],
        "code": -1
    },
    "gradient-bg/end-colour_colour": {
        "r": 0,
        "g": 255,
        "b": 0
    },
    "gradient-bg/end-colour_opacity": 1,
    "gradient-bg/end-colour_chromaspeed": 1,
    "gradient-bg/end-colour_type": 2,
    "gradient-bg/start-colour_colour": {
        "r": 255,
        "g": 0,
        "b": 0
    },
    "gradient-bg/start-colour_opacity": 1,
    "gradient-bg/start-colour_chromaspeed": 1,
    "gradient-bg/start-colour_type": 1,
    "use-:3-button_enabled": false,
    "use-:3-button_favourited": false,
    "use-:3-button_keyconfig": {
        "modifiers": [],
        "code": -1
    },
    "blur-background_enabled": false,
    "blur-background_favourited": false,
    "blur-background_keyconfig": {
        "modifiers": [],
        "code": -1
    },
    "no-open-in-level_enabled": false,
    "no-open-in-level_favourited": false,
    "no-open-in-level_keyconfig": {
        "modifiers": [],
        "code": -1
    },
    "show-searchbox_enabled": true,
    "show-searchbox_favourited": false,
    "show-searchbox_keyconfig": {
        "modifiers": [],
        "code": -1
    },
    "show-favourites_enabled": true,
    "show-favourites_favourited": false,
    "show-favourites_keyconfig": {
        "modifiers": [],
        "code": -1
    },
    "button-scale_value": 0.8500000238418579,
    "smooth-move_enabled": true,
    "smooth-move_favourited": false,
    "smooth-move_keyconfig": {
        "modifiers": [],
        "code": -1
    },
    "allow-dragging_enabled": true,
    "allow-dragging_favourited": false,
    "allow-dragging_keyconfig": {
        "modifiers": [],
        "code": -1
    },
    "hide-btn_enabled": true,
    "hide-btn_favourited": false,
    "hide-btn_keyconfig": {
        "modifiers": [],
        "code": -1
    },
    "save-pos_enabled": true,
    "save-pos_favourited": false,
    "save-pos_keyconfig": {
        "modifiers": [],
        "code": -1
    },
    "seperate-colour-cheat-name_enabled": true,
    "seperate-colour-cheat-name_favourited": false,
    "seperate-colour-cheat-name_keyconfig": {
        "modifiers": [],
        "code": -1
    },
    "seperate-colour-cheat-name/colour_colour": {
        "r": 255,
        "g": 100,
        "b": 100
    },
    "seperate-colour-cheat-name/colour_opacity": 1,
    "seperate-colour-cheat-name/colour_chromaspeed": 1,
    "seperate-colour-cheat-name/colour_type": 0,
    "speedhack/music_enabled": true,
    "speedhack/music_favourited": false,
    "speedhack/music_keyconfig": {
        "modifiers": [],
        "code": -1
    },
    "posY": 160,
    "posX": 32,
    "theme": -1,
    "menu-animation": 5,
    "labels/hide-all-labels_enabled": false,
    "labels/hide-all-labels_favourited": false,
    "labels/hide-all-labels_keyconfig": {
        "modifiers": [],
        "code": -1
    },
    "selected-labels": [{
        "display_name": "Noclip Accuracy",
        "format": "{noclip_accuracy}%",
        "scale": 1,
        "opacity": 1,
        "font": "bigFont.fnt",
        "side": 5,
        "offset.x": 0,
        "offset.y": 0,
        "cheat_indicator": false,
        "noclip_only": true,
        "visible": true,
        "events": []
    }],
    "safe-zone.x": 0,
    "safe-zone.y": 0,
    "safe-zone.width": 0,
    "safe-zone.height": 0,
    "search/show-options_enabled": true,
    "search/show-options_favourited": false,
    "search/show-options_keyconfig": {
        "modifiers": [],
        "code": -1
    }
}